"","","","Batting","","","","","","","","","","","","","","","","","","","","","","","","","","","","","","","","","","","","","","","","","","","","","","","","","","","Pitching","","","","","","","","","","","","","","","","","","","","","","","","","","","","","","","","","","","","","","","","","","","","","","","","","","","","","","","","","","","","","","","","","","","","","","","","","","","","","","","","","","","","","","","","","","","","","","Fielding","","","","","","","","","","","","","","","","","","","","","","","","",""
"Number","Last","First","GP","PA","AB","AVG","OBP","OPS","SLG","H","1B","2B","3B","HR","RBI","R","BB","SO","K-L","HBP","SAC","SF","ROE","FC","SB","SB%","CS","PIK","QAB","QAB%","PA/BB","BB/K","C%","HHB","LD%","FB%","GB%","BABIP","BA/RISP","LOB","2OUTRBI","XBH","TB","PS","PS/PA","2S+3","2S+3%","6+","6+%","AB/HR","GIDP","GITP","CI","IP","GP","GS","BF","#P","W","L","SV","SVO","BS","SV%","H","R","ER","BB","SO","K-L","HBP","ERA","WHIP","LOB","BK","PIK","CS","SB","SB%","WP","BAA","MPHFB","MPHCT","MPHCB","MPHSL","MPHCH","MPHOS","P/IP","P/BF","<3%","LOO","1ST2OUT","123INN","<13","FIP","S%","FPS%","FPSO%","FPSW%","FPSH%","BB/INN","0BBINN","BBS","LOBB","LOBBS","SM%","K/BF","K/BB","WEAK%","HHB%","GO/AO","HR","LD%","FB%","GB%","BABIP","BA/RISP","FB","FBS","FBS%","FBSW%","FBSM%","CT","CTS","CTS%","CTSW%","CTSM%","CB","CBS","CBS%","CBSW%","CBSM%","SL","SLS","SLS%","SLSW%","SLSM%","CH","CHS","CHS%","CHSW%","CHSM%","OS","OSS","OSS%","OSSW%","OSSM%","TC","A","PO","FPCT","E","DP","TP","INN","PB","SB","SB-ATT","CS","CS%","PIK","CI","P","C","1B","2B","3B","SS","LF","CF","RF","SF","Total"
"5","Player01","Alex","10","21","12",".000",".429",".429",".000","0","0","0","0","0","6","2","8","11","2","1","0","0","0","0","2","100.0","0","0","13","61.90","2.6",".727","8.33","0","0.00","0.00","100.0",".000",".000","16","1","0","0","102","4.857","4","19.05","5","23.81","-","0","0","0","0.0","1","0","0","0","0","0","0","0","0","-","0","0","0","0","0","0","0","-","-","0","0","0","0","0","-","0","-","N/A","N/A","N/A","N/A","N/A","N/A","-","-","-","0","0","0","0","-","-","-","-","-","-","-","0","0","0","0","-","-","-","-","-","-","0","-","-","-","-","-","0","0","-","-","-","0","0","-","-","-","0","0","-","-","-","0","0","-","-","-","0","0","-","-","-","0","0","-","-","-","0","0","0","-","0","0","0","0.0","0","0","0-0","0","-","0","0","0.0","0.0","0.0","0.0","0.0","0.0","0.0","0.0","0.0","0.0","0.0"
"6","Player02","Blake","6","14","9",".222",".500",".722",".222","2","2","0","0","0","2","5","5","3","2","0","0","0","0","0","7","100.0","0","0","9","64.29","2.8","1.667","66.67","1","0.00","16.67","83.33",".333",".500","4","0","0","2","62","4.429","2","14.29","4","28.57","-","0","0","0","3.1","3","1","25","103","0","0","0","0","0","-","6","5","5","8","6","3","1","9.000","4.200","8","0","0","0","11","100.0","0",".375","N/A","N/A","N/A","N/A","N/A","N/A","30.9","4.120","24.00","1","0","0","0","6.092","42.72","40.00","40.00","20.00","40.00","2.400","0","1","2","0","10.68",".240",".750","70.00","30.00","-","0","10.00","10.00","80.00",".600",".300","0","0","-","-","-","0","0","-","-","-","0","0","-","-","-","0","0","-","-","-","0","0","-","-","-","0","0","-","-","-","3","2","1","1.000","0","0","0","0.0","0","0","0-0","0","-","0","0","0.0","0.0","0.0","0.0","0.0","0.0","0.0","0.0","0.0","0.0","0.0"
"8","Player03","Casey","9","20","16",".500",".600","1.163",".563","8","7","1","0","0","10","9","4","3","2","0","0","0","0","4","8","100.0","0","0","12","60.00","5.0","1.333","81.25","3","7.69","38.46","53.85",".615",".556","5","4","1","9","79","3.950","1","5.00","4","20.00","-","0","0","0","2.2","3","1","17","78","0","0","0","0","0","-","4","4","4","5","8","4","0","9.000","3.375","6","0","0","0","5","100.0","0",".333","N/A","N/A","N/A","N/A","N/A","N/A","29.3","4.588","23.53","0","0","0","0","1.520","48.72","41.18","57.14","14.29","28.57","1.875","0","1","1","0","20.51",".471","1.600","75.00","25.00","-","0","25.00","25.00","50.00","1.000",".200","0","0","-","-","-","0","0","-","-","-","0","0","-","-","-","0","0","-","-","-","0","0","-","-","-","0","0","-","-","-","6","0","5",".833","1","0","0","0.0","0","0","0-0","0","-","0","0","0.0","0.0","0.0","0.0","0.0","0.0","0.0","0.0","0.0","0.0","0.0"
"9","Player04","Drew","9","19","12",".000",".368",".368",".000","0","0","0","0","0","1","7","7","11","8","0","0","0","0","0","5","100.0","0","0","13","68.42","2.7",".636","8.33","0","0.00","0.00","100.0",".000",".000","13","0","0","0","94","4.947","1","5.26","7","36.84","-","0","0","0","0.0","0","0","0","0","0","0","0","0","0","0.00","0","0","0","0","0","0","0",".000",".000","0","0","0","0","0","0.00","0",".000","N/A","N/A","N/A","N/A","N/A","N/A","0.0",".000","0.00","0","0","0","0",".000","0.00","0.00","0.00","0.00","0.00",".000","0","0","0","0","0.00",".000",".000","0.00","0.00",".000","0","0.00","0.00","0.00",".000",".000","0","0","0.00","0.00","0.00","0","0","0.00","0.00","0.00","0","0","0.00","0.00","0.00","0","0","0.00","0.00","0.00","0","0","0.00","0.00","0.00","0","0","0.00","0.00","0.00","0","0","0","-","0","0","0","0.0","0","0","0-0","0","-","0","0","0.0","0.0","0.0","0.0","0.0","0.0","0.0","0.0","0.0","0.0","0.0"
"10","Player05","Eli","10","22","18",".667",".727","1.616",".889","12","8","4","0","0","15","10","3","3","0","1","0","0","0","0","8","100.0","0","0","13","59.09","7.3","1.000","83.33","8","20.00","13.33","66.67",".800",".600","7","2","4","16","65","2.955","2","9.09","2","9.09","-","0","0","0","4.0","4","3","26","102","0","0","0","0","0","-","4","7","7","5","11","5","4","10.50","2.250","7","0","0","0","9","100.0","0",".235","N/A","N/A","N/A","N/A","N/A","N/A","25.5","3.923","26.92","1","0","0","0","2.960","51.96","57.69","53.33","6.67","20.00","1.250","0","3","2","1","24.51",".423","2.200","66.67","33.33","-","0","16.67","0.00","83.33",".667",".167","0","0","-","-","-","0","0","-","-","-","0","0","-","-","-","0","0","-","-","-","0","0","-","-","-","0","0","-","-","-","7","2","5","1.000","0","0","0","0.0","0","0","0-0","0","-","0","0","0.0","0.0","0.0","0.0","0.0","0.0","0.0","0.0","0.0","0.0","0.0"
"11","Player06","Finn","10","23","15",".533",".696","1.496",".800","8","6","1","0","1","14","13","8","4","1","0","0","0","0","2","6","100.0","0","0","16","69.57","2.9","2.000","73.33","5","36.36","18.18","45.45",".700",".615","13","4","2","12","96","4.174","0","0.00","6","26.09","15.0","0","0","0","0.0","0","0","0","0","0","0","0","0","0","0.00","0","0","0","0","0","0","0",".000",".000","0","0","0","0","0","0.00","0",".000","N/A","N/A","N/A","N/A","N/A","N/A","0.0",".000","0.00","0","0","0","0",".000","0.00","0.00","0.00","0.00","0.00",".000","0","0","0","0","0.00",".000",".000","0.00","0.00",".000","0","0.00","0.00","0.00",".000",".000","0","0","0.00","0.00","0.00","0","0","0.00","0.00","0.00","0","0","0.00","0.00","0.00","0","0","0.00","0.00","0.00","0","0","0.00","0.00","0.00","0","0","0.00","0.00","0.00","7","0","6",".857","1","0","0","0.0","0","0","0-0","0","-","0","0","0.0","0.0","0.0","0.0","0.0","0.0","0.0","0.0","0.0","0.0","0.0"
"13","Player07","Gray","10","26","15",".733",".846","1.579",".733","11","11","0","0","0","7","11","10","4","1","1","0","0","0","0","14","100.0","0","0","14","53.85","2.6","2.500","73.33","4","9.09","18.18","72.73","1.000",".667","5","5","0","11","110","4.231","1","3.85","4","15.38","-","0","0","0","6.0","7","4","48","213","0","0","0","0","0","-","6","15","15","21","14","8","6","15.00","4.500","11","0","1","2","13","86.67","0",".286","N/A","N/A","N/A","N/A","N/A","N/A","35.5","4.438","16.67","2","1","1","0","9.260","39.44","43.75","38.10","28.57","28.57","3.500","2","8","4","1","12.68",".292",".667","57.14","42.86","-","0","14.29","0.00","85.71",".857",".353","0","0","-","-","-","0","0","-","-","-","0","0","-","-","-","0","0","-","-","-","0","0","-","-","-","0","0","-","-","-","2","1","1","1.000","0","0","0","0.0","0","0","0-0","0","-","0","0","0.0","0.0","0.0","0.0","0.0","0.0","0.0","0.0","0.0","0.0","0.0"
"18","Player08","Hayden","10","23","10",".600",".826","1.726",".900","6","4","1","1","0","5","9","12","4","3","1","0","0","0","0","4","100.0","0","0","17","73.91","1.9","3.000","60.00","4","50.00","0.00","50.00","1.000",".250","5","1","2","9","95","4.130","1","4.35","6","26.09","-","0","0","0","6.0","7","0","38","185","0","0","0","0","0","-","1","7","7","16","16","5","2","7.000","2.833","11","0","0","0","8","100.0","1",".050","N/A","N/A","N/A","N/A","N/A","N/A","30.8","4.868","15.79","4","3","1","1","4.940","42.70","28.95","63.64","27.27","9.09","2.667","2","6","2","2","20.54",".421","1.000","50.00","50.00","-","0","0.00","25.00","75.00",".250",".000","0","0","-","-","-","0","0","-","-","-","0","0","-","-","-","0","0","-","-","-","0","0","-","-","-","0","0","-","-","-","33","1","32","1.000","0","0","0","15.1","6","33","33-33","0","0.00","0","0","0.0","0.0","0.0","0.0","0.0","0.0","0.0","0.0","0.0","0.0","0.0"
"42","Player09","Indy","9","20","13",".385",".600",".985",".385","5","5","0","0","0","5","7","7","7","4","0","0","0","0","1","8","100.0","0","0","12","60.00","2.9","1.000","46.15","3","0.00","16.67","83.33",".833",".333","11","2","0","5","78","3.900","1","5.00","3","15.00","-","0","0","0","0.0","0","0","0","0","0","0","0","0","0","0.00","0","0","0","0","0","0","0",".000",".000","0","0","0","0","0","0.00","0",".000","N/A","N/A","N/A","N/A","N/A","N/A","0.0",".000","0.00","0","0","0","0",".000","0.00","0.00","0.00","0.00","0.00",".000","0","0","0","0","0.00",".000",".000","0.00","0.00",".000","0","0.00","0.00","0.00",".000",".000","0","0","0.00","0.00","0.00","0","0","0.00","0.00","0.00","0","0","0.00","0.00","0.00","0","0","0.00","0.00","0.00","0","0","0.00","0.00","0.00","0","0","0.00","0.00","0.00","0","0","0","-","0","0","0","0.0","0","0","0-0","0","-","0","0","0.0","0.0","0.0","0.0","0.0","0.0","0.0","0.0","0.0","0.0","0.0"
"50","Player10","Jules","8","20","13",".538",".700","1.623",".923","7","5","0","1","1","12","12","6","3","1","1","0","0","0","1","6","100.0","0","0","12","60.00","3.3","2.000","76.92","5","20.00","10.00","70.00",".667",".583","9","5","2","12","73","3.650","1","5.00","4","20.00","13.0","0","0","0","6.2","7","0","44","184","0","0","0","0","0","-","6","9","9","17","12","5","0","8.100","3.450","11","0","0","0","13","100.0","0",".222","N/A","N/A","N/A","N/A","N/A","N/A","27.6","4.182","22.73","4","1","1","1","5.732","44.57","52.27","69.57","13.04","17.39","2.550","2","6","2","1","17.39",".273",".706","100.0","0.00","2.500","0","0.00","13.33","86.67",".400",".188","0","0","-","-","-","0","0","-","-","-","0","0","-","-","-","0","0","-","-","-","0","0","-","-","-","0","0","-","-","-","4","2","2","1.000","0","0","0","0.0","0","0","0-0","0","-","0","0","0.0","0.0","0.0","0.0","0.0","0.0","0.0","0.0","0.0","0.0","0.0"
"97","Player11","Kai","8","17","12",".750",".824","1.740",".917","9","7","2","0","0","3","7","5","2","1","0","0","0","0","0","7","100.0","0","0","13","76.47","3.4","2.500","83.33","6","20.00","30.00","50.00",".900",".600","5","0","2","11","61","3.588","1","5.88","3","17.65","-","0","0","0","3.1","4","0","31","122","0","0","0","0","0","-","6","13","12","12","5","1","2","21.60","5.400","5","0","0","0","8","100.0","1",".353","N/A","N/A","N/A","N/A","N/A","N/A","36.6","3.935","32.26","2","0","0","0","10.34","42.62","51.61","50.00","31.25","12.50","3.600","0","7","0","0","18.03",".161",".417","50.00","50.00","3.000","0","8.33","8.33","83.33",".500",".308","0","0","-","-","-","0","0","-","-","-","0","0","-","-","-","0","0","-","-","-","0","0","-","-","-","0","0","-","-","-","3","1","2","1.000","0","0","0","0.0","0","0","0-0","0","-","0","0","0.0","0.0","0.0","0.0","0.0","0.0","0.0","0.0","0.0","0.0","0.0"
"99","Player12","Lane","9","19","15",".267",".421",".688",".267","4","4","0","0","0","11","2","4","4","1","0","0","0","0","1","5","100.0","0","0","8","42.11","4.8","1.000","73.33","1","0.00","0.00","100.0",".364",".400","10","1","0","4","66","3.474","3","15.79","4","21.05","-","0","0","0","0.0","0","0","0","0","0","0","0","0","0","0.00","0","0","0","0","0","0","0",".000",".000","0","0","0","0","0","0.00","0",".000","N/A","N/A","N/A","N/A","N/A","N/A","0.0",".000","0.00","0","0","0","0",".000","0.00","0.00","0.00","0.00","0.00",".000","0","0","0","0","0.00",".000",".000","0.00","0.00",".000","0","0.00","0.00","0.00",".000",".000","0","0","0.00","0.00","0.00","0","0","0.00","0.00","0.00","0","0","0.00","0.00","0.00","0","0","0.00","0.00","0.00","0","0","0.00","0.00","0.00","0","0","0.00","0.00","0.00","43","1","42","1.000","0","0","0","16.2","3","34","34-36","2","5.56","0","0","0.0","0.0","0.0","0.0","0.0","0.0","0.0","0.0","0.0","0.0","0.0"
"Totals","","","10","244","160",".450",".639","1.208",".569","72","59","9","2","2","91","94","79","59","26","5","0","0","0","9","80","100.0","0","0","152","62.30","3.1","1.339","63.13","40","15.84","16.83","67.33",".707",".449","41","25","13","91","981","4.020","18","7.38","52","21.31","80.0","0","0","0","35.0","10","10","247","1061","0","0","0","0","0","-","40","65","64","84","78","32","17","10.97","3.543","63","0","1","2","79","97.53","2",".274","N/A","N/A","N/A","N/A","N/A","N/A","30.3","4.296","22.27","14","5","3","2","5.612","44.39","44.13","55.05","19.27","21.10","2.400","9","32","13","5","17.91",".316",".929","75.00","25.00","3.750","0","7.35","14.71","77.94",".588",".222","0","0","-","-","-","0","0","-","-","-","0","0","-","-","-","0","0","-","-","-","0","0","-","-","-","0","0","-","-","-","117","10","105",".983","2","0","0","35.0","9","79","79-81","2","2.47","0","0","35.0","35.0","32.0","32.0","32.0","32.0","32.0","32.0","32.0","0.0","288.0"
"","","","","","","","","","","","","","","","","","","","","","","","","","","","","","","","","","","","","","","","","","","","","","","","","","","","","","","","","","","","","","","","","","","","","","","","","","","","","","","","","","","","","","","","","","","","","","","","","","","","","","","","","","","","","","","","","","","","","","","","","","","","","","","","","","","","","","","","","","","","","","","","","","","","","","","","","","","","","","","","","","","","","","","","","","","","","",""
"Glossary","","","GP=Games played","PA=Plate appearances","AB=At bats","AVG=Batting average","OBP=On-base percentage","OPS=On-base percentage plus slugging percentage","SLG=Slugging percentage","H=Hits","1B=Singles","2B=Doubles","3B=Triples","HR=Home runs","RBI=Runs batted in","R=Runs scored","BB=Base on balls (walks)","SO=Strikeouts","K-L=Strikeouts looking","HBP=Hit by pitch","SAC=Sacrifice hits & bunts","SF=Sacrifice flies","ROE=Reached on error","FC=Hit into fielder's choice","SB=Stolen bases","SB%=Stolen base percentage","CS=Caught stealing","PIK=Picked off","QAB=Quality at bats (any one of: 3 pitches after 2 strikes, 6+ pitch ABs, XBH, HHB, BB, SAC Bunt, SAC Fly)","QAB%=Quality at bats per plate appearance","PA/BB=Plate appearances per walk","BB/K=Walks per strikeout","C%=Contact percentage/Contact rate: AB-K/AB","HHB=Hard hit balls: Total line drives and hard ground balls","LD%=Line drive percentage","FB%=Fly ball percentage","GB%=Ground ball percentage","BABIP=Batting average on balls in play","BA/RISP=Batting average with runners in scoring position","LOB=Runners left on base","2OUTRBI=2-out RBI","XBH=Extra-base hits","TB=Total bases","PS=Pitches seen","PS/PA=Pitches seen per plate appearance","2S+3=Plate appearances in which batter sees 3+ pitches after 2 strikes","2S+3%=% of plate appearances in which batter sees 3+ pitches after 2 strikes","6+=Plate appearances with 6+ pitches","6+%=% of plate appearances of 6+ pitches","AB/HR=At bats per home run","GIDP=Hit into double play","GITP=Hit into triple play","CI=Batter advances on catcher's interference","IP=Innings pitched","GP=Games pitched","GS=Games started","BF=Total batters faced","#P=Total pitches","W=Wins","L=Losses","SV=Saves","SVO=Save opportunities","BS=Blown saves","SV%=Save percentage","H=Hits allowed","R=Runs allowed","ER=Earned runs allowed","BB=Base on balls (walks)","SO=Strikeouts","K-L=Strikeouts looking","HBP=Hit batters","ERA=Earned run average","WHIP=Walks plus hits per innings pitched","LOB=Runners left on base","BK=Balks","PIK=Runners picked off","CS=Runners caught stealing","SB=Stolen bases allowed","SB%=Stolen bases allowed percentage","WP=Wild pitches","BAA=Opponent batting average","MPHFB=Fastball average velocity","MPHCT=Cutter average velocity","MPHCB=Curveball average velocity","MPHSL=Slider average velocity","MPHCH=Changeup average velocity","MPHOS=Offspeed average velocity","P/IP=Pitches per inning","P/BF=Pitches per batter faced","<3%=% of batters on or out in three pitches or less","LOO=Leadoff out (1st batter of inning)","1ST2OUT=Innings with 1st 2 batters out","123INN=1-2-3 Innings","<13=Innings of 13 pitches or fewer","FIP=Fielding Independent Pitching","S%=Strike percentage","FPS%=First pitch strike percentage","FPSO%=% of FPS at-bats that result in an out","FPSW%=% of FPS at-bats that result in a walk","FPSH%=% of FPS at-bats that result in a hit","BB/INN=Walks per inning","0BBINN=Zero-walk innings","BBS=Walks that score","LOBB=Leadoff walk (1st batter of inning)","LOBBS=Leadoff walk that scored (1st batter of inning)","SM%=% of total pitches that are swings and misses","K/BF=Strikeouts per batter faced","K/BB=Strikeouts per walk","WEAK%=% of batted balls weakly hit (fly balls and ground balls)","HHB%=% of batted balls that are line drives or hard ground balls","GO/AO=Ratio of ground outs to air outs","HR=Home runs allowed","LD%=Line drive percentage","FB%=Fly ball percentage","GB%=% of all batted balls hit on the ground","BABIP=Opponent batting average on balls in play","BA/RISP=Opponent batting average with runners in scoring position","FB=Number of pitches thrown as Fastballs","FBS=Number of Fastballs thrown for strikes","FBS%=Percentage of Fastballs thrown for strikes","FBSW%=Percentage of Fastballs swung at","FBSM%=Percentage of Fastballs swung at and missed","CT=Number of pitches thrown as Cutters","CTS=Number of Cutters thrown for strikes","CTS%=Percentage of Cutters thrown for strikes","CTSW%=Percentage of Cutters swung at","CTSM%=Percentage of Cutters swung at and missed","CB=Number of pitches thrown as Curveballs","CBS=Number of Curveballs thrown for strikes","CBS%=Percentage of Curveballs thrown for strikes","CBSW%=Percentage of Curveballs swung at","CBSM%=Percentage of Curveballs swung at and missed","SL=Number of pitches thrown as Sliders","SLS=Number of Sliders thrown for strikes","SLS%=Percentage of Sliders thrown for strikes","SLSW%=Percentage of Sliders swung at","SLSM%=Percentage of Sliders swung at and missed","CH=Number of pitches thrown as Changeups","CHS=Number of Changeups thrown for strikes","CHS%=Percentage of Changeups thrown for strikes","CHSW%=Percentage of Changeups swung at","CHSM%=Percentage of Changeups swung at and missed","OS=Number of pitches thrown as Offspeeds","OSS=Number of Offspeeds thrown for strikes","OSS%=Percentage of Offspeeds thrown for strikes","OSSW%=Percentage of Offspeeds swung at","OSSM%=Percentage of Offspeeds swung at and missed","TC=Total Chances","A=Assists","PO=Putouts","FPCT=Fielding Percentage","E=Errors","DP=Double Plays","TP=Triple Plays","INN=Innings played as catcher","PB=Passed balls allowed","SB=Stolen bases allowed","SB-ATT=Stolen bases - Stealing attempts","CS=Runners caught stealing","CS%=Runners caught stealing percentage","PIK=Runners picked off","CI=Batter advances on catcher's interference","P=Innings played at pitcher","C=Innings played at catcher","1B=Innings played at first base","2B=Innings played at second base","3B=Innings played at third base","SS=Innings played at shortstop","LF=Innings played at left field","CF=Innings played at center field","RF=Innings played at right field","SF=Innings played at short field","Total=Total innings played"
